nom,region,prefecture,commune,canton,localite,creation,lat,lon
Forêt classée des Deux Bena,Plateaux,Wawa,Wawa 1,Tomégbé,KPETE BENA,Nsp,7.524611636036639,0.6234044256092344
Yohoeve,Maritime,Zio,Zio 1,Gblainvié,GLAINVIE KPETSI,1884,6.460328389585671,1.1895575212263347
Forêt classée de Kemeni,Centrale,Tchaoudjo,Tchaoudjo 3,Kéméni,KEMENI,Nsp,9.238832730631103,1.240708855674568
Forêt classée de Sotouboua,Centrale,Sotouboua,Sotouboua 1,Sotouboua,Sotouboua,1952,8.509254958796712,0.9916654856417337
Tchorogo,Centrale,Blitta,Blitta 1,Blitta,BLITTA GARE,1945,8.35495338065498,0.9861289964257395
Forêt classée Aou-mono,Centrale,Sotouboua,Sotouboua 2,Séssaro,BOSINAMBO,1954,8.6572214128874,1.2011626535258582
Forêt classée de Mont Balam,Centrale,Blitta,Blitta 3,Pagala-Village,OBLAOMI,Nsp,8.231548473494339,0.9364409981810508
Forêt classée Assoukoko,Centrale,Blitta,Blitta 3,Atchintsè,ASSOUKOKO,Nsp,8.012678733859586,0.6172492066832276
Forêt classée de You,Centrale,Blitta,Blitta 1,Blitta,YOU,Nsp,8.299974398881103,0.9891282051293601
Forêt classée Behao,Kara,Kéran,Kéran 1,Kantè,ATTETOU,1954,9.913627637161117,1.035766436040956
Forêt classée Manda,Kara,Doufelgou,Doufelgou 3,Léon,ALOUM-LEON,1954,9.695694742627426,0.9807793329748636
Forêt classée de Koularo,Kara,Doufelgou,Doufelgou 3,Léon,Kpesside,1954,9.65397337048678,0.9836170500450165
Forêt classée de Kabou,Kara,Bassar,Bassar 3,Kabou,BARRAGE KABOU,1954,9.445064584502344,0.8408314363498433
Forêt classée de Sirika,Kara,Binah,Binah 2,Sirka,KADJAMADE,Nsp,9.543840029726125,1.2777622636025092
Forêt classée de Kindja,Kara,Kozah,Kozah 4,Djamdè,DJAMDE,1954,9.533273342689403,1.1099667192739957
Réserve Forestière de Doumboua,Kara,Assoli,Assoli 1,Bafilo,BAFILO,1954,9.33155636362066,1.2265024271107088
Forêt classée de Sadjibou,Kara,Dankpen,Dankpen 3,Nawaré,SADJIBOU,1955,9.587009423837896,0.5144383334933134
Forêt classée de Natiwah,Kara,Kéran,Kéran 3,Nadoba,NATIWAH,1958,10.17384439646249,0.9685912636607014
Forêt classée de Wartema,Kara,Kéran,Kéran 3,Warengo,Watema,Nsp,10.058118864441505,1.1174613367284316
Forêt de Biragou,Kara,Doufelgou,Doufelgou 1,Siou,BIRGOU,1954,9.813454584389946,1.2058586635518203
Forêt Tiyadja,Kara,Bassar,Bassar 1,Kalanga,KALIGHA,Nsp,9.273239667060858,0.6944406315418794
Dagbazé,Maritime,Bas-Mono,Bas-Mono 2,Agbétiko,ABLOGAMÉ,Jadis,6.473570671668957,1.7402980474078884
Sove,Maritime,Zio,Zio 1,Gbatopé,GATI,1886,6.499560182873193,1.318971293800088
Agueno,Maritime,Bas-Mono,Bas-Mono 2,Agbétiko,AGOME SEVA,Nps,6.470509507649576,1.7466184487355378
Adidomé,Maritime,Bas-Mono,Bas-Mono 2,Attitogon,ADIDOME,1980,6.436838288311426,1.6761396808322193
Golove,Maritime,Zio,Zio 1,Gbatopé,HAVE,1884,6.529144236793169,1.25399337635087
Forêt de Dagbaze,Maritime,Bas-Mono,Bas-Mono 2,Agbétiko,AGBETIKO DOGBOYOU,Nsp,6.493953576152481,1.7114225447819058
Bape,Maritime,Zio,Zio 2,Bolou,BOLOU CENTRE,1880,6.423940518343571,1.1612580312006986
Mariatodji,Maritime,Zio,Zio 1,Gbatopé,KODJO,1996,6.474338453620673,1.2510843208835127
Nanave,Maritime,Zio,Zio 1,Gbatopé,KODJO,1700,6.473700065140505,1.2484067203214695
Forêt classée de Blakpa,Plateaux,Ogou,Ogou 1,Houdou,BLAKPA,1920,7.612859460764677,1.191533797115844
Forêt classée,Plateaux,Ogou,Ogou 1,Djama,WETRIVI-KODJI,Nsp,7.5411518049509825,1.138722470701856
Wouto,Plateaux,Agou,Agou 1,Gadja,AVETONOU,1939,6.761423426998549,0.7962381347122502
Djemegni,Plateaux,Haho,Haho 2,Djemegni,KPOVE,1941,6.957046131276851,1.2813550280440418
Nuatja Sud,Plateaux,Haho,Haho 1,Atchavé,NOTSE,2005,6.891253496751677,1.1694895955939464
Wahala-agbatitoe,Plateaux,Haho,Haho 4,Wahala,WAHALA,1950,7.159858171077838,1.1841397027654759
Amakpape,Plateaux,Haho,Haho 1,Dalia,AMAKPAPE,1952,6.7942175612429425,1.228707063657156
Asrama,Plateaux,Haho,Haho 2,Asrama,ASRAMA,1941,6.978378197869289,1.4011203795383946
Tetetou Nord,Plateaux,Haho,Haho 2,Asrama,TETETOU,1941,7.035280962848049,1.4794762248946476
Haho-baloe,Plateaux,Haho,Haho 1,Hahomégbé,HAHO BALOE,1947,6.9725341894973045,1.0164608577272403
Forêt classée d'assime,Plateaux,Kpélé,Kpélé 1,Kpélé-Govié,ASSIME,1953,7.15816358025197,0.7151069264985072
Forêt classée Kanaville,Plateaux,Ogou,Ogou 1,Djama,Campement,Nsp,7.527870565419968,1.16861854785149
Forêt Kadjotse de Kpatala,Plateaux,Anié,Anié 2,Adogbénou,KPATALA,2021,7.780923315946161,1.5427081922830783
Forêt Tchamin,Plateaux,Anié,Anié 2,Atchinédji,TCHAMIN,2019,7.653993430505873,1.3861459508126657
Missahohe,Plateaux,Kloto,Kloto 3,Agomé-Yoh,KOUMA KONDA,1953,6.9284210221240246,0.5741318041367093
Azakpeve,Plateaux,Haho,Haho 3,Kpédomé,AZAKPE,1878,7.058886598130506,1.2426412200835115
Forêt de Huime,Plateaux,Kloto,Kloto 2,Lavié,HUIME,2018,7.022125082175372,0.6725990659687333
Forêt Koulope,Plateaux,Kloto,Kloto 2,Lavié,KOULOPE,Nsp,7.030644234579545,0.6712670559345444
Kounovi,Plateaux,Moyen-Mono,Moyen-Mono 1,Ahassomè,GAME,Nsp,7.261747011324383,1.4977874121854713
Nakpatole,Savanes,Kpendjal-Ouest,Kpendjal-Ouest 2,Tambonga,NAKPATOLE,2014,10.931106072678366,0.4449772052142979
Douli,Savanes,Kpendjal-Ouest,Kpendjal-Ouest 2,Namoundjoga,KPANKAGONI,Nsp,10.845161067362435,0.4323297908138471
Moumouane Pak,Savanes,Tandjoaré,Tandjoaré 1,Nandoga,MOUMOUANE,2001,10.644214661216806,0.23616701978208254
Forêt classée Galaganshi,Savanes,Oti,Oti 2,Galangashie,Ganlagashi,1900,10.403381603636145,0.358756122840004
