year,ch4_agriculture,ch4_total,clean_cooking_national,clean_cooking_rural,clean_cooking_urban,co2_building_energy,co2_deforestation,co2_industrial_combustion,co2_power_industry,co2_total,co2_transport,cook_charcoal_pct,cook_electricity_pct,cook_lpg_pct,cook_wood_pct,elec_access_national,elec_access_rural,elec_access_urban,elec_connection_cost_pct,elec_connection_days,elec_getting_rank,energy_intensity,firms_outages_pct,forest_area_pct,forest_area_sqkm,forest_depletion_usd,forest_rents_pct_gdp,ghg_per_capita,ghg_total_excl_lulucf,ghg_total_incl_lulucf,outages_value_lost_pct,renewable_energy_pct
1970,0.5263,1.4098,,,,0.0567,,0.0,0.0802,0.3481,0.2066,,,,,,,,,,,,,,,10675141.8898283,6.38800580954129,0.90803469399736,1.9953,,,
1971,0.5024,1.3998,,,,0.0567,,0.0,0.0802,0.3723,0.2066,,,,,,,,,,,,,,,9518457.61942403,4.97557071631962,0.883023238684004,2.002,,,
1972,0.5008,1.4193,,,,0.0472,,0.0,0.0995,0.418,0.2127,,,,,,,,,,,,,,,10981737.7114315,4.87646389201072,0.898011931158997,2.093,,,
1973,0.4663,1.4047,,,,0.0378,,0.0,0.0674,0.367,0.1995,,,,,,,,,,,,,,,18588888.4312223,6.78043653276118,0.848923986651102,2.0297,,,
1974,0.4867,1.4355,,,,0.0252,,0.0,0.0642,0.3398,0.1836,,,,,,,,,,,,,,,20671608.4939839,5.44641168049363,0.83172300930281,2.038,,,
1975,0.521,1.4894,,,,0.0252,,0.0,0.0481,0.3944,0.244,,,,,,,,,,,,,,,28339141.2509005,6.73244853977547,0.861851534418477,2.163,,,
1976,0.5263,1.5139,,,,0.0283,,0.0,0.0481,0.3493,0.1924,,,,,,,,,,,,,,,25850735.2714118,6.06434287705092,0.834425885648396,2.1442,,,
1977,0.5412,1.5482,,,,0.0346,,0.0,0.0642,0.4601,0.243,,,,,,,,,,,,,,,46533705.0674897,8.6790610459001,0.86986899696118,2.2883,,,
1978,0.5553,1.5837,,,,0.0346,,0.0,0.0738,0.5006,0.2332,,,,,,,,,,,,,,,46839937.4662022,8.25156362228493,0.881562337565902,2.3744,,,
1979,0.5414,1.5953,,,,0.0346,,0.0,0.077,0.5577,0.3014,,,,,,,,,,,,,,,45017565.3535047,7.24050683847075,0.883335023395286,2.4391,,,
1980,0.4841,1.5643,,,,0.0346,,0.0,0.016,0.5146,0.3158,,,,,,,,,,,,,,,52604557.4808052,6.68311344014361,0.823717192075008,2.3378,,,
1981,0.4938,1.601,,,,0.0315,,0.0,0.0193,0.4986,0.3136,,,,,,,,,,,,,,,47982240.7433397,7.09872040705042,0.809640909611346,2.3689,,,
1982,0.6023,1.7445,,,,0.0472,,0.0,0.0225,0.5636,0.3634,,,,,,,,,,,,,,,69990437.2855209,11.9605509173865,0.877108551692613,2.6518,,,
1983,0.523,1.7,,,,0.0346,,0.0,0.0385,0.4112,0.2264,,,,,,,,,,,,,,,47191178.5333065,8.52877555524328,0.777801054488292,2.4319,,,
1984,0.5655,1.7793,,,,0.0441,,0.0,0.1155,0.4565,0.1808,,,,,,,,,,,,,,,43332857.2727154,8.30313539412693,0.791215019658169,2.5574,,,
1985,0.5838,1.8334,,,,0.0283,,0.0,0.0385,0.4304,0.2299,,,,,,,,,,,,,,,32040188.8458539,5.74848709973126,0.785641754792735,2.6213,,,
1986,0.6312,1.9209,,,,0.0409,,0.0,0.0353,0.6391,0.4058,,,,,,,,,,,,,,,52316233.5097615,6.67663610830751,0.854924012246429,2.9404,,,
1987,0.6554,1.9969,,,,0.0378,,0.0,0.0385,0.6933,0.447,,,,,,,,,,,,,,,52205067.9354137,5.59683136135332,0.870483369615228,3.0858,,,
1988,0.8134,2.1932,,,,0.0409,,0.0,0.0481,0.6797,0.418,,,,,,,,,,,,,,,57993776.6079879,5.59521461306537,0.911775815537223,3.3311,,,
1989,0.7658,2.1834,,,,0.0472,,0.0,0.0385,0.6895,0.4276,,,,,,,,,,,,,,,60036680.7959974,5.85673980592305,0.892004770891715,3.3572,,,
1990,0.8404,2.2993,,,,0.0565,,0.0249,0.0674,0.7547,0.4264,,,,,,,,,,,,,25.0351167494025,13616.6,76209685.7764672,6.11169329304312,0.920729824221023,3.5687,,,78.7
1991,0.7692,2.305,,,,0.0471,,0.0591,0.0963,0.6984,0.3218,,,,,,,,,,,,,24.8637690751976,13523.404,78050349.6890155,6.29687124613528,0.87250937606119,3.4815,,,82.1
1992,0.6187,2.2326,,,,0.0502,,0.0124,0.0417,0.5329,0.2706,,,,,,,,,,,,,24.6924214009928,13430.208,82570127.3446458,6.23238965823591,0.779549264177093,3.201,,,85.8
1993,0.6516,2.3419,,,,0.0219,,0.0,0.0642,0.4108,0.167,,,,,,,,,,,,,24.521073726788,13337.012,72204329.4207156,7.36144125463647,0.780405610838782,3.1828,,,91.5
1994,0.7242,2.5133,,,,0.0471,,0.112,0.1059,0.7474,0.3241,,,,,,,,,,,,,24.3497260525832,13243.816,87144285.2934149,11.1059991161753,0.90844184594093,3.7179,,,81.6
1995,0.5978,2.4931,,,,0.0628,,0.0653,0.0578,0.7371,0.3935,,,,,,,,,,,,,24.1783783783784,13150.62,132656730.178862,12.6268567305943,0.853894997763792,3.6543,,,81.5
1996,0.7621,2.7769,,,,0.0786,,0.1587,0.0513,1.1294,0.6565,,,,,,,,,,,,,24.0070307041736,13057.424,132706586.440649,11.2517302304362,0.989319781919587,4.3984,,,73.1
1997,0.777,2.9162,,,,0.0754,,0.0996,0.0545,0.8492,0.432,,,,,,,,,,,,,23.8356830299687,12964.228,129793902.066981,10.6753886502018,0.930093303284668,4.2715,,,79.6
1998,0.8439,3.1133,,,,0.0882,,0.1151,0.138,1.0462,0.4843,,,,,15.3,3.10279958670469,41.2,,,,,,23.6643353557639,12871.032,133996953.274974,10.3801458110484,0.99875282792092,4.7224,,,77.8
1999,0.8665,3.277,,,,0.129,,0.3018,0.0863,1.3538,0.5754,,,,,16.0729999542236,3.13197689466699,42.9995880126953,,,,,,23.4929876815591,12777.836,87681142.7150037,6.80166561450354,1.07437620957197,5.23,,,73.1
2000,0.8735,3.3476,0.3,0.0,0.6,0.151,0.845,0.2645,0.0992,1.2508,0.4342,,,,,17.0,6.4,38.5,,,,10.61,,23.3216400073543,12684.64,87484375.7634939,7.14401583181283,1.04717718626168,5.2443,5.9738,,77.1
2001,0.8857,3.4227,0.4,0.1,0.8,0.0975,0.845,0.2055,0.1856,1.126,0.2928,,,,,19.6,5.4,47.9,,,,10.49,,23.2672292700864,12655.046,83977748.4638698,6.64861942296073,1.02082898481098,5.2526,5.9821,,82.0
2002,0.9089,3.5107,0.5,0.1,1.2,0.1258,0.845,0.196,0.0525,1.1986,0.4792,,,,,21.3,6.5,50.2,,,,10.47,,23.2128185328185,12625.452,103217592.286614,6.84815672076429,1.0309686307284,5.4451,6.1746,,78.7
2003,0.9156,3.5868,0.7,0.1,1.6,0.1981,0.845,0.1525,0.0397,1.437,0.7014,,,,,23.0,7.6,52.6,,,,10.36,,23.1584077955507,12595.858,179787346.597949,9.30157253117212,1.07179467408326,5.8102,6.5397,,74.8
2004,0.9316,3.6733,0.9,0.2,2.1,0.1319,0.845,0.1713,0.0844,1.3774,0.6432,,,,,24.8,8.7,55.0,,,,10.57,,23.1039970582828,12566.264,129888080.064875,6.20709630517654,1.05320222855601,5.8613,6.5908,,76.1
2005,0.9911,3.8147,1.1,0.2,2.7,0.1886,0.845,0.0935,0.0685,1.311,0.6138,,,,,26.5,9.8,57.4,,,,11.3,,23.0495863210149,12536.67,132508560.54112,6.0605371770436,1.06164703146948,6.0637,6.7932,,77.2
2006,1.0068,3.8935,1.5,0.3,3.5,0.1318,0.845,0.0749,0.1051,1.2217,0.5781,,,,,27.9,7.4,64.9,,,,10.99,,22.995175583747,12507.076,125475507.704409,5.74325666103732,1.02990344282835,6.0499,6.7794,,79.7
2007,1.0254,3.9884,1.8,0.3,4.3,0.1318,0.845,0.0375,0.0866,1.2176,0.6434,,,,,30.0,11.8,62.2,,,,11.28,,22.9407648464791,12477.482,179198541.11262,7.46714249650574,1.01512400833596,6.139,6.8685,,79.9
2008,1.0472,4.0941,2.3,0.4,5.4,0.1379,0.845,0.0655,0.027,1.5888,0.8672,,,,,31.8,12.9,64.7,,,,11.29,,22.8863541092113,12447.888,203556802.837351,6.99863551400157,1.06873752306555,6.6502,7.3797,,76.5
2009,1.1121,4.3473,2.8,0.4,6.5,0.16,0.845,0.1495,0.0379,2.7106,1.9312,,,,,33.7,13.9,67.2,6492.1,89.0,,13.02,80.4,22.8319433719434,12418.294,203134406.087961,7.06860900076567,1.26519389168671,8.0955,8.825,10.5,63.4
2010,1.1361,4.4675,3.3,0.5,7.7,0.1755,0.845,0.2304,0.0699,2.5248,1.603,,,,,30.8,9.3,66.5,6020.7,89.0,,12.3,,22.7775326346755,12388.7,172162805.493304,6.06836084106674,1.22152725524224,8.0277,8.7572,,65.8
2011,1.1362,4.5679,3.9,0.6,8.9,0.1848,0.845,0.2024,0.02,2.3169,1.484,,,,,39.7,16.3,77.9,6023.2,89.0,91.0,11.7,,22.723110865968,12359.1,187851884.608558,6.12185993516616,1.18027665294742,7.9653,8.6948,,69.1
2012,1.533,5.0672,4.5,0.6,10.6,0.2004,0.845,0.1464,0.0232,2.2122,1.2587,,,,,39.1,15.8,76.3,4732.5,89.0,89.0,10.97,,22.6686890972605,12329.5,214461190.952793,7.28050910986253,1.2166225014022,8.4271,9.1566,,72.7
2013,1.5752,5.2103,5.3,0.7,12.1,0.216,0.845,0.2654,0.0558,1.9012,0.7381,,,,,41.0,17.1,78.1,,89.0,,10.07,,22.614267328553,12299.9,211644666.585939,6.74375050926682,1.1688337091304,8.306,9.0355,,76.2
2014,1.5832,5.3168,6.0,0.7,13.3,0.2166,0.845,0.2889,0.2529,1.7336,0.3946,42.1,0.0,6.6,48.2,45.7,21.1,83.2,,89.0,,9.93,,22.5598455598456,12270.3,221101579.008142,6.98463683156883,1.137426504617,8.29,9.0195,,81.4
2015,1.5864,5.4211,6.7,0.7,14.9,0.0802,0.845,0.0314,0.1917,1.5447,0.7081,,,,,44.7,19.8,82.0,,66.0,,9.17,,22.5054237911381,12240.7,213246490.646556,7.79818030819256,1.11029649967905,8.2975,9.027,,81.0
2016,1.527,5.4664,7.6,0.8,16.4,0.2476,0.845,0.1203,0.5085,2.0943,0.6095,,,,,46.8,21.0,84.4,,66.0,,9.34,93.8,22.4510020224306,12211.1,250403445.026704,5.72106302412989,1.16450695268748,8.9217,9.6512,3.7,80.7
2017,1.6216,5.6331,8.1,0.8,17.8,0.061,0.845,0.028,0.2808,1.8202,0.885,37.6,0.3,8.8,51.8,48.0,19.5,88.8,,66.0,,8.27,,22.3965802537231,12181.5,271599382.08986,5.33148764127676,1.1351754375353,8.9143,9.6438,,78.4
2018,1.6789,5.8864,9.0,0.8,19.0,0.1081,0.845,0.1136,0.2143,1.9933,1.0068,,,,,50.0,26.3,83.1,,66.0,,8.51,,22.3421584850156,12151.9,193380908.478154,3.15110742501247,1.17161378004516,9.4276,10.1571,,76.7
2019,1.7729,6.1215,9.6,0.9,20.3,0.0952,0.845,0.1564,0.1992,2.1848,1.0715,,,,,52.5,23.9,91.6,,66.0,,8.3,,22.2877367163081,12122.3,201979680.720221,3.00254428262497,1.207410712531,9.9528,10.6823,,78.6
2020,1.8633,6.437,10.4,0.8,21.8,0.0666,0.845,0.1563,0.2314,2.1753,1.0965,,,,,54.1,24.3,94.0,,,,8.76,,22.2333149476007,12092.7,236937966.417285,3.12804385325336,1.22950567243662,10.3802,11.1097,,76.2
2021,1.9132,6.5904,11.0,0.9,22.8,0.0721,,0.169,0.2449,2.3715,1.1874,,,,,55.7,24.7,96.3,,,,8.6,,22.1788931788932,12063.1,251014752.135581,2.98358217087813,1.25040067304975,10.8095,,,75.1
2022,1.9656,6.6908,11.9,0.9,24.15,0.0755,,0.1769,0.2408,2.438,1.2461,,,,,57.2,25.0,96.5,,,,,,,,,,1.25302035926411,11.0876,,,
